ESP_CODIGO;ESP_DESCRICAO;ESP_DT_INC;ESP_DT_EXC
1175;PROCED. AMBUL. DA ESPEC. ORTOPEDIA;2000-11-23 15:47:17;
1176;CONSULTAS E PROCEDIMENTOS CENTRO CLINICO;2000-11-23 15:47:25;
1177; PROCED. E MED. EXCLUSIVO REC PROPRIOS;2000-11-23 15:47:57;
519;PNEUMOLOGIA PEDIATRICA-AREA DE ATUACAO;2000-11-24 11:28:28;
520;REUMATOLOGIA PEDIATRICA-AREA DE ATUACAO;2000-11-24 11:29:48;
521;CISTOSCOPIA;2001-02-28 08:51:15;2001-07-03 15:19:00
1178;POSTO - ST. COIMBRA;2001-03-02 16:23:34;
1179;POSTO BURITI SHOPPING;2001-03-02 16:46:48;
1180;POSTO - SETOR CAMPINAS;2001-03-08 17:11:07;
1181;POSTO - B. ANHANGUERA;2001-03-08 17:11:33;
1182;POSTO - JD. BELA VISTA;2001-03-08 17:11:59;
1183;POSTO - ST. NOVA SUICA;2001-03-08 17:12:17;
1184;RADIOCIRURGIA ESTEREOTAXICA;2001-03-15 10:59:15;
1185;POSTO - C.D.I.;2001-04-11 13:28:53;
1049;MAPA (24 HORAS);2000-11-23 14:22:55;
1050;ELETROMIOGRAFIA;2000-11-23 14:23:19;
1051;ENDOSCOPIA DIGESTIVA ALTA;2000-11-23 14:23:28;
1052;BIOPSIA JEJUNAL (COM ENDOSCOPIA);2000-11-23 14:24:03;
1053;COLONOSCOPIA;2000-11-23 14:24:14;
1054;TAXA DE VIDEO - ENDOSCOPIA;2000-11-23 14:24:56;
1055;FISIOTERAPIA;2000-11-23 14:25:15;
1056;GASOMETRIA;2002-05-15 08:26:10;
1057;TAXA DE VIDEO - LAPAROSCOPIA;2000-11-23 14:25:49;
1058;LAPAROSCOPIA;2000-11-23 14:26:36;
1059;TAXA DE VIDEO - HISTEROSCOPIA;2000-11-23 14:28:43;
1060;CINTILOGRAFIA;2000-11-23 14:29:02;2001-07-05 09:03:34
1061;ORTOPTICA;2000-11-23 14:29:21;
1062;BIOMETRIA ULTRASSÔNICA;2000-11-23 14:40:17;2001-07-13 14:50:26
1063;CAMPIMETRIA MANUAL;2000-11-23 14:40:31;2001-07-03 15:00:42
1064;CAMPIMETRIA;2000-11-23 14:40:47;2001-07-13 14:51:33
1065;FOTOCOAGULACAO A LASER;2000-11-23 14:41:07;
1066;POTENCIAL OCCIPITAL VISUAL EVOCADO;2000-11-23 14:41:34;2001-07-16 08:35:43
1067;DIAGNOSE EM OFTALMOLOGIA;2000-11-23 14:41:49;
1068;ELETRO-OCULOGRAFIA;2000-11-23 14:42:09;2001-07-13 14:52:16
1069;RETINOGRAFIA;2000-11-23 14:42:21;2001-07-13 14:59:39
1070;HISTEROSCOPIA (CIRURGICA E DIAGNOSTICA);2000-11-23 14:43:31;
1071;ANGIOFLUORESCEINOGRAFIA;2000-11-23 14:43:56;2001-07-13 14:48:21
1072;CERATOSCOPIA COMPUTADORIZADA;2000-11-23 14:44:19;2001-07-13 14:43:33
1073;CAPSULOTOMIA YAG OU CIRURGICA;2000-11-23 14:44:46;
1074;PAQUIMETRIA ULTRASSÔNICA;2000-11-23 14:45:06;2001-07-13 14:59:02
29;INFECTOLOGIA;1992-07-26 00:00:00;
30;MEDICINA INTENSIVA;1992-07-26 00:00:00;
31;MASTOLOGIA;1992-07-26 00:00:00;
32;MEDICINA ESPORTIVA;2002-02-18 16:51:10;
33;MEDICINA FISICA E REABILITACAO;2002-02-18 16:51:13;
34;MEDICINA LEGAL;2002-02-18 16:51:16;
35;MEDICINA DO TRABALHO;1992-07-26 00:00:00;
36;MEDICINA DO TRAFEGO;1992-07-26 00:00:00;
37;NEFROLOGIA;1992-07-26 00:00:00;
38;NEUROCIRURGIA;1992-07-26 00:00:00;
39;NEUROFISIOLOGIA CLINICA  AREA DE ATUACAO;1992-07-26 00:00:00;
40;NEUROLOGIA;1992-07-26 00:00:00;
41;NUTRICAO PARENTERAL E ENTERAL AREA ATUAC;2004-05-19 11:32:28;
42;NUTROLOGIA;1992-07-26 00:00:00;
43;OFTALMOLOGIA;1992-07-26 00:00:00;
44;ORTOPEDIA E TRAUMATOLOGIA;1992-07-26 00:00:00;
45;OTORRINOLARINGOLOGIA;1992-07-26 00:00:00;
47;PATOLOGIA;1992-07-26 00:00:00;
48;PEDIATRIA;1992-07-26 00:00:00;
49;RADIO INTERV E ANGIORRAD-AREA DE ATUACAO;2007-06-29 09:36:31;
51;RADIOLOGIA E DIAG. POR IMAGEM;1992-07-26 00:00:00;
52;REUMATOLOGIA;1992-07-26 00:00:00;
53;UROLOGIA;1992-07-26 00:00:00;
55;BRONCOESOFAGOLOGIA - NAO CADASTRAR;1992-07-26 00:00:00;2009-06-09 11:09:53
56;CIRURGIA TORACICA;1992-07-26 00:00:00;
58;ELETROENCEFALOGRAFIA;1992-07-26 00:00:00;2003-12-10 06:42:08
1075;FOTOTRABECULOPLASTIA  ( LASER);2000-11-23 14:45:53;
1076;MAPEAMENTO DE RETINA;2000-11-23 14:46:06;2001-07-13 14:56:34
1077;TONOMETRIA;2000-11-23 14:46:24;2001-07-13 14:59:59
1078;IRIDECTOMIA  (LASER);2000-11-23 14:47:17;
1079;POTENCIAL EVOCADO;2001-10-10 10:33:34;
1080;QUIMIOTERAPIA;2000-11-23 14:47:59;
1081;RADIOTERAPIA;2000-11-23 14:49:16;
1082;TOMOGRAFIA COMPUTADORIZADA;2000-11-23 14:49:31;
1083;ULTRASSONOGRAFIA;2000-11-23 14:49:44;
1084;ULTRASSONOGRAFIA OCULAR;2000-11-23 14:50:03;2001-07-12 16:00:30
1085;DOPPLERFLUXOMETRIA;2001-10-17 11:12:28;
1086;OXIMETRIA NÃO INVASIVA;2000-11-23 14:50:46;2001-07-03 15:49:24
1087;OFTALMODINAMOMETRIA;2000-11-23 14:56:48;2001-07-04 08:28:04
1088;VISÃO SUBNORMAL;2000-11-23 14:58:42;2001-07-04 09:12:44
1089;ULTRASSONOGRAFIA DIAGNÓSTICA;2000-11-23 14:59:07;2001-07-03 16:09:34
1090;ACUIDADE VISUAL COM LASER (P.A.M.);2000-11-23 14:59:26;2001-07-03 10:41:43
1091;HEMODINAMICA E CARDIO INTERVENCIONISTA;2000-11-23 14:59:55;
1092;NEURO RADIOLOGIA;2000-11-23 15:00:08;
1093;OTONEUROLOGICO;2000-11-23 15:01:37;
1094;POSTO - ST. MARISTA;2000-11-23 15:01:56;2001-07-04 08:47:01
1095;ECOCARDIOGRAMA FETAL;2000-11-23 15:02:17;
1096;POSTO - HOSP. ACIDENTADOS;2000-11-23 15:04:05;
1097;POSTO - ST. AEROPORTO;2000-11-23 15:04:34;2001-07-04 08:55:43
1098;POSTO - ST. MARISTA;2000-11-23 15:04:45;
1099;HOSPITAL DE ANGIOLOGIA;2000-11-23 15:05:59;
1100;HOSPITAL DE PROCTOLOGIA;2000-11-23 15:06:11;
1101;HOSPITAL DE PNEUMOLOGIA;2000-11-23 15:06:28;
1102;HOSPITAL DE NEUROLOGIA E NEUROCIRURGIA;2000-11-23 15:06:48;
1103;HOSPITAL DE ONCOLOGIA;2000-11-23 15:06:59;
1104;HOLTER - ELETROCARDIOGRAFIA DINAMICA;2000-11-23 15:07:53;
1324;POSTO NEROPOLIS;2011-09-16 14:48:34;
1105;HOSPITAL GERAL;2000-11-23 15:08:04;
1106;HOSPITAL DE PEDIATRIA;2000-11-23 15:08:13;
1107;HOSPITAL E CLINICA DE ORTOPEDIA;2000-11-23 15:08:31;
1108;MATERNIDADE;2000-11-23 15:08:39;
1109;HOSPITAL DE PSIQUIATRIA;2000-11-23 15:08:52;
1110;HOSPITAL DE OFTALMOLOGIA;2000-11-23 15:09:09;
1111;PROETZ;2000-11-23 15:09:32;2001-07-04 09:08:24
1112;AUDIOMETRIA;2000-11-23 15:09:56;
1113;RETOSSIGMOIDOSCOPIA;2000-11-23 15:14:51;
1114;POSTO - ST. OESTE - CEMED;2000-11-23 15:15:11;
1115;HOSPITAL DE OTORRINOLARINGOLOGIA;2000-11-23 15:15:30;
1116;HOSPITAL DE UROLOGIA;2000-11-23 15:15:44;
1117;HEMODIALISE;2000-11-23 15:15:57;
1118;HOSPITAL DE CIRURGIA PLASTICA;2000-11-23 15:16:17;
1119;TAXA DE VIDEO - COLONOSCOPIA;2000-11-23 15:16:37;
1120;BIOIMPEDANCIOMETRIA;2000-11-23 15:16:51;
1121;USG COM DOPPLER;2000-11-23 15:17:05;2001-07-04 10:10:25
1122;BIOPSIA PROSTATICA DIRIGIDA POR USG;2000-11-23 15:17:42;
1123;VIDEOBRONCOSCOPIA;2000-11-23 15:23:14;2001-07-16 11:16:55
1124;CARDIO-ESTIMULACAO TRANSESOFAGICA (CETE);2001-07-18 08:09:57;
1125;FACOEMULSIFICACAO;2000-11-23 15:24:11;
1126;OTO EMISSAO ACUSTICA EVOCADA;2002-04-30 09:28:01;
1127;TRAQUELECTOMIA (CONIZACAO-LEEP);2002-05-29 15:04:10;2002-05-29 16:18:52
59;FONIATRIA;1992-07-26 00:00:00;2003-03-20 10:13:24
61;MEDICINA DE FAMILIA COMUNIDADE;1992-07-26 00:00:00;
63;MEDICINA PREVENTIVA E SOCIAL;1993-01-28 00:00:00;
65;OBSTETRICIA - NAO CADASTRAR;2005-08-24 15:14:32;2009-06-09 11:10:01
999;UNIMEDS EM GERAL;2000-06-07 11:02:07;
998;OUTRAS PESSOAS JURIDICAS;2000-06-07 11:02:40;2017-09-18 11:49:11
16;CLINICA MEDICA NAO CADASTRAR;1992-07-26 00:00:00;2009-06-09 11:09:21
22;GENETICA MEDICA;1992-07-26 00:00:00;
50;PSIQUIATRIA;1992-07-26 00:00:00;
54;ANGIOLOGIA E CIRURGIA VASCULAR;1992-07-26 00:00:00;
57;CIRURGIA VASCULAR;2007-09-14 10:56:15;
60;GINECOLOGIA E OBSTETRICIA;1992-07-26 00:00:00;
62;MEDICINA NUCLEAR;1992-07-26 00:00:00;
64;NEUROLOGIA PEDIATRICA-AREA DE ATUACAO;1993-01-28 00:00:00;
66;PNEUMOLOGIA;2000-11-23 10:18:19;
68;RADIOTERAPIA;2000-11-23 10:19:01;
69;SEXOLOGIA;2000-11-23 10:19:13;2003-03-20 10:51:24
70;TISIOLOGIA;2000-11-23 10:19:25;2003-03-20 10:54:55
71;ACUPUNTURA;2000-11-23 10:19:39;
46;PAT. CLINICA /MED LABORATORIAL;2000-11-23 10:20:01;
500;ALERGIA E IMUNOLOG PEDIATR  AREA ATUACAO;2000-11-23 11:11:48;
1000;POSTO - AEROPORTO;2000-11-23 11:12:09;
1001;ESPECIAL ( PESSOA JURÍDICA);2000-11-23 11:29:00;2001-07-03 16:12:22
1002;POSTO - CLINICA MEDICA NOBELLE;2000-11-23 11:29:30;
1003;POSTO UNIDADE MARISTA;2000-11-23 11:29:55;
1004;POSTO - LAB. BIOCITO;2000-11-23 11:31:05;
1005;P-300;2000-11-23 11:32:08;2001-07-04 08:30:24
1006;CLINICA AFETO;2000-11-23 11:32:23;
1007;POSTO - IMED;2002-09-02 13:14:06;
1008;TESTES VESTIBULARES - 5101028-3;2000-11-23 11:33:06;2003-01-27 14:22:46
1009;POSTO - AV. ISM. S. DE CARVALHO, 592;2000-11-23 11:33:45;2001-07-04 08:53:49
1010;POSTO - SETOR OESTE;2000-11-23 11:34:36;
1011;POSTO - LAB. BIOCITO - MATER CLINICA;2000-11-23 11:35:44;
1012;POSTO - CLINICA GENESIS;2000-11-23 11:36:18;
1013;IMPLANTE DE MARCA-PASSO;2000-11-23 11:36:43;
1014;MICROSCOPIA ESPECULAR DA CORNEA;2000-11-23 11:37:17;2001-07-13 14:58:19
1015;POSTO - CLINICA ARO;2000-11-23 11:37:37;
1016;VÍDEO - LARINGO-ESTROBOSCOPIA;2000-11-23 11:37:59;2001-07-16 11:20:56
1017;LARINGOSCOPIA;2000-11-23 11:38:24;2001-07-12 14:14:34
1018;FIBRO-NASO-LARINGOSCOPIA;2000-11-23 11:38:42;2001-07-03 16:35:58
1019;VIDEOLARINGOSCOPIA;2000-11-23 11:39:07;2001-07-16 11:15:55
1020;FISIOTERAPIA RESPIRATORIA;2000-11-23 11:39:25;
1021;ATENDIMENTO DE URGENCIA;2002-05-28 17:02:34;2009-11-24 08:16:48
501;CARDIOLOGIA PEDIATRICA - AREA DE ATUACAO;2000-11-23 13:11:01;
502;ANATOMIA PATOLOGICA;2000-11-23 13:11:58;
503;CIRURGIA BUCO-MAXILO-FACIAL (EXCLUIDO);2000-11-23 13:12:35;2016-04-25 09:24:35
504;CIR GASTROENTEROLOGICA NAO CADASTRAR;2000-11-23 13:13:11;2009-06-09 11:10:17
505;CLINICA GERAL NAO CADASTRAR NENHUMA HIPO;2000-11-23 13:13:44;2009-06-09 11:10:22
506;ENDOCRINOLOGIA PEDIATRICA - AREA ATUACAO;2000-11-23 13:14:44;
507;FISIATRIA NAO CADASTRAR NENHUMA HIPOTESE;2000-11-23 13:15:31;2009-06-09 11:10:26
508;GASTROENTEROLOGIA PEDIATR AREA ATUACAO;2000-11-23 13:16:04;
509;GERIATRIA NAO CADASTRAR NENHUM HIPOTESE;2000-11-23 13:16:28;2005-08-25 15:23:03
510;HEMATOL E HEMOTER PEDIATRICA AREA ATUAC;2000-11-23 13:17:00;
1187;POSTO - RUA 7-A ST. AEROPORTO;2001-05-15 13:47:18;
1188;FISIOTERAPIA PACIENTE INTERNO;2001-05-21 14:58:17;
1189;FISIOTERAPIA PULMONAR PAC INTERNO;2001-05-21 14:58:54;
1190;POSTO-NOVO HORIZONTE;2001-06-05 09:56:57;
522;CIRURGIA REFRATIVA;2001-06-07 09:09:30;
1191;MEDICINA NUCLEAR;2001-07-18 11:17:31;
1128;ANGIOGRAFIA CEREBRAL;2000-11-23 15:25:19;
1129;POSTO - ST. OESTE (MED CENTER);2000-11-23 15:25:36;2001-07-04 08:59:42
1130;ANGIOPLASTIAS CORONARIAS/PERIFERICA;2000-11-23 15:26:09;
1131;ATRIOSSEPTOSTOMIA;2000-11-23 15:26:37;2001-07-03 10:55:47
1132;ANGIOGRAFIA DIGITAL/PERIFERICA;2000-11-23 15:27:04;
1133;IMPLANTE DE ENDOPRÓTESES (STENT);2000-11-23 15:27:32;2001-07-04 08:27:15
1134;ESTUDO ELETROFISIOLÓGICO DIAGNÓSTICO;2000-11-23 15:27:59;2001-07-10 11:05:48
1135;ESTUDO ELETROFISIOLOGICO;2000-11-23 15:28:37;
1136;VALVOPLASTIAS MITRAL/AORTICA/PULMÔNAR;2000-11-23 15:29:45;2001-07-04 10:16:53
1137;POLISSONOGRAFIA;2000-11-23 15:29:58;
1138;ECOGRAFIA DIAGNÓSTICA;2000-11-23 15:30:16;2001-07-03 16:05:31
1139;UNIDADE CORONARIANA;2000-11-23 15:30:31;
1140;POSTO - PRO MULHER;2000-11-23 15:30:45;
511;HEMOTERAPIA;2000-11-23 13:20:21;
512;NEFROLOGIA PEDIATRICA - AREA DE ATUACAO;2000-11-23 13:21:11;
513;NEONATOLOGIA;2000-11-23 13:21:40;2001-07-11 09:49:45
517;AREA DE ATUACAO HOMEOPATIA-PEDIATRICA;2000-11-23 14:05:30;2004-10-18 10:20:51
1022;PROVA DE FUNCAO PULMONAR;2000-11-23 14:07:17;
9999;ESPECIALIDADE GERAL PESSOA FISICA;2001-10-09 11:01:00;
9998;ESPECIALIDADE GERAL PESSOA JURIDICA;2001-10-09 11:01:38;
9997;ESPECIALIDADE GERAL INTERCAMBIO;2001-10-09 11:01:58;
1192;FORNECEDOR;2001-10-22 10:55:38;
1193;PLETISMOGRAFIA;2002-05-17 08:36:34;
524;MEDICINA DO ADOLESCENTE-AREA DE ATUACAO;2002-05-17 08:49:47;
1194;POSTO SETOR MARISTA;2002-07-29 15:54:45;
1195;PULSOTERAPIA;2002-10-21 11:26:02;
1196;POSTO - MAT. FEMINA;2003-01-21 15:10:13;
1197;POSTO-SAO SALVADOR;2003-02-07 09:22:57;
75;COLOPROCTOLOGIA;2003-03-18 08:45:55;
563;LARINGOSCOPIA;2003-03-18 09:45:58;
550;ELETROENCEFALOGRAFIA;2003-03-18 09:58:07;
74;CLINICA MEDICA;2003-03-20 09:03:57;
1198;PH-METRIA;2003-06-03 07:41:31;
1199;TRANSPLANTE DE CORNEA;2003-06-18 08:09:21;
1200;CONSUL ESPEC CLINICA MED OU MED INTERNA;2003-08-06 13:01:02;
1201;CONSULTA ESPECIALIZADA CIRURGIA GERAL;2003-08-06 13:01:53;
1202;CONSULTA ESPECIALIZADA UROLOGIA;2003-08-06 13:05:08;
1203;CONSULTA ESPECIALIZADA PEDIATRIA;2003-08-06 13:05:41;
1204;CONSULTA ESPECIALIZADA OFTALMOLOGIA;2003-08-06 13:06:26;
1206;CONSULTA ESPECIALIZADA GINECOLOGIA;2003-08-06 13:15:01;
1207;CONSULTA ESPECIALIZADA ANGIOLOGIA;2003-08-06 13:29:25;
1208;POSTO- APARECIDA DE GOIANIA;2003-10-03 07:48:20;
2000;CLINICA GERAL;2003-11-15 11:04:16;
1209;SERVICO DO CENTRO CLINICO;2004-04-30 10:32:45;
24;GINECOLOGIA (NAO UTILIZAR);1992-07-26 00:00:00;
1172;CARDIOTOGRAFIA FETAL;2000-11-23 15:45:06;2001-07-10 10:49:46
1186;ATEND.BIO IMAGEM PAC.INTERNO RD.PROP.;2001-05-02 12:27:19;
1205;CONSULTA ESPECIALIZADA CARDIOLOGIA;2003-08-06 13:12:42;
1210;TRANSPLANTE RENAL;2004-05-21 08:08:19;
1211;HOSPITAL;2004-07-05 08:54:46;
1212;TOXINA BOTULINICA TIPO A;2004-09-28 16:50:15;
1213;PACOTE REBILITACAO CRER;2004-09-29 16:40:50;2017-09-18 12:36:35
525;ENDOSCOPIA RESPIRATORIA AREA DE ATUACAO;2004-10-15 15:17:17;
1214;POSTO UNIDADE CENTRO;2004-11-25 09:44:32;
1215;ESPECTOGRAFIA VOCAL;2004-12-06 14:08:56;
526;NEONATOLOGIA - AREA DE ATUACAO;2004-12-06 14:23:12;
1216;POSTO T 63 - NOVA SUICA;2004-12-30 10:23:42;
1217;POSTO EXCELCIOR;2005-02-04 09:43:28;
1218;POSTO GASTROMEDIC;2005-02-04 09:43:40;
1219;POSTO MARISTA II - RUA 138;2005-02-24 08:18:33;
1220;POSTO CENTRO II - RUA 6;2005-02-24 08:18:47;
527;MEDICINA INTENSIVA PED - AREA DE ATUACAO;2005-02-28 14:30:25;
528;ULTRA SONOGRAFIA EM GINEC AREA  ATUACAO;2005-07-14 15:14:49;
1221;POSTO HOSPITAL STA CATARINA;2005-08-18 14:17:35;
523;INFECTOLOGIA PEDIATRICA-AREA DE ATUACAO;2001-10-04 09:50:49;
1222;POSTO HOSPITAL SAO LUCAS;2005-09-20 10:31:21;
1223;POSTO SIRIO E LIBANES;2005-11-24 09:07:31;
1224;POSTO CORA CORALINA;2006-01-13 19:03:23;
529;HEMODINAMICA E CARD INTERV AREA ATUAÇAO;2006-02-09 15:43:01;
530;ELETROFISIOLOGIA CLIN INVASIVA AREA ATUA;2006-03-06 17:31:37;
1225;RAD INTERVENCIONISTA E ANGIORRADIOLOGIA;2006-04-04 08:36:26;
1226;POSTO PQ LARANJEIRAS;2006-04-20 16:12:15;
1227;POSTO JARDIM TROPICAL;2006-05-19 16:03:59;
1228;POSTO GUADALAJARA;2006-06-05 08:09:53;
531;ENDOSCOPIA;2006-06-12 16:07:14;
1229;POSTO CIDADE VERA CRUZ;2006-06-29 18:30:33;
67;PROCTOLOGIA - NAO CADASTRAR;2000-11-23 10:18:39;2009-06-09 11:10:04
532;HEPATOLOGIA - AREA DE ATUACAO;2006-07-19 10:32:06;
1239;O BISTURI;2007-03-12 15:05:06;
1240;SINTESE;2007-03-12 15:05:17;
1241;POSTO - UNIDADE BUENO T-7;2007-04-23 16:06:24;
1242;POSTO - UNIDADE BUENO T-1;2007-04-23 16:09:32;
1243;POSTO - JARDIM AMERICA;2007-04-27 07:51:42;
1244;POSTO -  SETOR BUENO I;2007-04-27 07:52:18;
539;ULTRA SON EM GINEC E OBS AREA DE ATUACAO;2007-05-10 10:29:12;
1245;RPG;2007-07-26 08:51:30;
1246;POSTO UNIDADE PARANAIBA;2007-10-31 08:40:28;
76;DIAGNOSTICO POR IMAGEM (NÃO UTILIZAR);2007-06-27 17:15:02;
1247;TRAD;2008-01-15 11:45:19;
1248;TRISIMA;2008-01-18 08:39:07;
1249;BIOTRONIK;2008-01-18 08:42:39;
1250;BIOSINTESE;2008-01-18 08:42:49;
1251;BRAILE;2008-01-18 08:42:55;
1252;EXTRA CORPUS;2008-01-18 08:43:03;
1253;PROTECH;2008-01-18 08:43:13;
1254;SYNTHES;2008-01-18 08:43:20;
1255;MED VIDA;2008-01-18 08:43:28;
1256;MEDCOMERCE;2008-01-18 08:43:37;
1257;MED LINE;2008-01-18 08:43:50;
1258;ST JUDE;2008-01-18 14:35:38;
1259;HOSPTAMED;2008-01-18 14:48:53;
1260;HUMANA;2008-01-18 15:07:12;
1261;MEDTRONIC;2008-01-18 15:07:22;
1262;NANO;2008-01-18 15:07:29;
1263;OPME PADRAO MEDICO;2008-01-18 15:07:36;
1264;SCITECH;2008-01-18 15:07:57;
1265;ABB MED;2008-01-18 15:08:26;
1266;HANDLE;2008-01-18 15:08:33;
1267;BRASMEDICA;2008-01-21 15:19:22;
540;NEURORRADIOLOGIA - AREA DE ATUACAO;2008-01-22 08:52:31;
1268;INSTRUMENTAL CIENTIFIC;2008-01-22 16:32:28;
1269;LABCOR;2008-01-22 17:19:09;
1270;BIOASSIST;2008-01-24 12:06:31;
1271;CEC;2008-01-24 12:16:39;
1272;CONSULTA EM SAUDE OCUPACIONAL;2008-01-24 13:55:37;
1273;POSTO - UNIDADE GARAVELO;2008-01-31 16:53:22;
1274;POSTO JARDIM EUROPA;2008-02-13 08:22:56;
1275;FUSAO;2008-02-25 10:13:48;
1276;I P M;2008-03-03 10:00:09;
1277;ATS;2008-03-04 14:33:35;
1278;DIETA PARENTERAIS E ENTERAIS;2008-03-14 08:16:25;
1279;WAVE;2008-03-19 16:07:58;
1280;FONOAUDIOLOGIA;2008-04-02 10:50:14;
1281;NUTRIÇÃO;2008-04-02 10:50:51;
1282;TERAPIA OCUPACIONAL;2008-04-02 10:56:07;
1283;AVALIACAO DE MARCA PASSO;2008-04-02 16:53:26;
1284;VALFLUX;2008-04-11 08:32:45;
1285;CARDIO MEDICAL;2008-04-11 17:45:31;
1286;POSTO SETOR CENTRAL;2008-04-23 08:40:29;
541;CIR CRANIO-MAXILO-FACIAL AREA ATUACAO;2008-04-25 08:24:54;
1287;POSTO VILA NOVA;2008-05-08 09:55:19;
1288;SILICENTRO;2008-05-12 11:28:00;
1289;NUTRICAO PARENTERAL TOTAL;2008-05-19 11:21:56;
1290;NUTRICAO ENTERAL;2008-05-19 11:22:13;
1291;MULT MED;2008-05-21 14:07:45;
1292;POSTO SETOR BUENO II;2008-05-21 17:16:33;
542;ULTRA-SONOGRAFIA GERAL  AREA ATUACAO;2008-05-23 16:15:44;
1293;DABASONS;2008-05-27 08:52:42;
543;ECOGRAFIA VASCULAR COM DOPPLER - AREA AT;2008-05-28 13:56:20;
1294;FORTMED;2008-05-29 15:03:33;
544;MAMOGRAFIA - AREA DE ATUACAO;2008-06-04 15:32:50;
1295;VITAL;2008-06-06 10:39:09;
1296;TOFER;2008-06-06 10:51:02;
1297;DIAGNOSE EM UROLOGIA;2008-06-17 17:36:56;
1298;HOMOCISTEINA E HEPATITE C PCR QUANTITATI;2008-06-20 16:55:21;
1299;PRONTO SOCORRO;2008-07-10 11:37:07;
1300;IRRADIACAO DE COMPONENTES HEMOTERAPICOS;2008-08-11 15:12:08;
1301;TAXA DE VITREOGRAFO;2008-09-23 09:27:08;
1302;POSTO CELINA PARK;2008-10-22 08:27:24;
1303;MANOMETRIA ESOFAGICA;2008-12-05 14:54:31;
1304;DELTA;2009-01-20 09:58:51;
1305;SERVICO ANESTESIA;2009-01-23 11:24:20;
1306;TAXA DE VIDEO RETOSSIGMOIDOSCOPIA;2009-03-10 09:47:02;
1307;IMPLANTE DE MARCA-PASSO TEMPORARIO;2009-05-18 16:51:02;
1308;POSTO JARDIM NOVA ESPERANCA;2009-09-10 10:37:23;
1309;GENETICA CLINICA;2009-09-10 16:50:21;
1310;MATERIAL NAO DIVULGA MAS PAGA;2009-09-24 09:16:11;
1311;DIVULGA E PAGA;2009-09-24 09:16:23;
1312;POSTO TRINDADE;2009-10-14 15:53:02;
1313;MANOMETRIA ANORRETAL;2009-11-20 10:59:59;
77;CANCEROLOGIA CIRURGICA;2017-09-01 17:18:37;2017-09-04 19:09:45
78;ENDOSCOPIA GINECOLOGICA - AREA ATUACAO;2009-11-23 10:32:48;
1314;MAMOGRAFIA DIGITAL;2009-12-09 14:22:12;
1315;PROC AMBULATORIO COD 30101794 E 30101620;2010-01-26 08:10:18;
1316;POSTO SENADOR CANEDO;2010-02-12 09:50:41;
1317;SOROLOGIA PARA DENGUE;2010-03-23 08:00:33;2017-03-20 08:28:56
1318;PET SCAN;2010-07-27 16:15:39;
1319;ASPIRADOR ULTRA-SONICO;2010-08-09 10:06:37;
1320;ESTUDO USG INTRAVASCULAR;2010-09-03 10:02:58;
1321;HOSP NAO AUTORIZADO FATURAR VIA WSD;2010-12-08 13:45:21;
1322;PPG;2011-07-08 13:57:18;
1323;PUERICULTURA;2011-07-08 15:54:58;
1141;POSTO - AMPARO HOSP. E MAT.;2000-11-23 15:31:05;
1142;POSTO - LAPACI MARISTA;2000-11-23 15:31:19;
1143;POSTO - CLINICA SAO MARCELO;2000-11-23 15:31:33;
1144;POSTO - UNIDADE MODELO;2000-11-23 15:31:45;
1145;POSTO - ESPACO TERAPIA;2000-11-23 15:31:58;
1146;POSTO - MATERNIDADE DE MAIO;2000-11-23 15:32:25;
1147;POSTO - CORPUS CLINICA;2000-11-23 15:32:39;
1148;POSTO - SOMMA;2000-11-23 15:32:53;
1149;POSTO - ST. SUL;2000-11-23 15:33:04;
1150;POSTO - HOSP. DO CORACAO;2000-11-23 15:33:20;
1151;POSTO - CLIN. FEMININA;2000-11-23 15:33:35;
1152;POSTO - CEBROM;2000-11-23 15:33:47;
1153;POSTO - MATERNIDADE ELA;2000-11-23 15:33:57;
1154;POSTO - LA FEMME;2000-11-23 15:34:33;
1155;POSTO - UNIDADE BUENO;2000-11-23 15:34:43;
1156;POSTO - CARDIOCLINICA;2000-11-23 15:35:00;
1157;POSTO - AV. ARAGUAIA, 178 CENTRO;2000-11-23 15:35:21;
1158;POSTO - RUA 22 ST OESTE;2000-11-23 15:35:36;
1159;POSTO - CLINICA FEMINA;2000-11-23 15:35:52;
1160;U.T.I. - PEDIATRICA;2000-11-23 15:36:10;
1161;U.T.I. - ADULTO;2000-11-23 15:36:21;
1162;U.T.I. - NEONATAL;2000-11-23 15:36:36;
1163;TOPOGRAFIA COMPUTADORIZADA DE CÔRNEA;2000-11-23 15:36:59;2001-07-11 11:20:07
1164;MAPEAMENTO CEREBRAL;2000-11-23 15:37:09;
1165;IMUNOTERAPIA;2000-11-23 15:37:20;
518;NUTROLOGIA PEDIATRICA - AREA DE ATUACAO;2000-11-23 15:39:10;
514;ONCOLOGIA NAO CADASTRAR NENHUMA HIPOTESE;2000-11-23 15:41:02;2009-06-09 11:10:35
1023;ESPIROMETRIA;2000-11-23 14:08:04;2001-07-04 09:09:51
1024;RADIODIAGNOSTICO;2000-11-23 14:08:37;
1025;MAMOGRAFIA;2000-11-23 14:08:50;
1026;PSICOTERAPIA;2000-11-23 14:09:25;
1027;DENSITOMETRIA OSSEA;2000-11-23 14:09:45;
1028;HEMOTERAPIA SÓ P/ URGÊNCIA / EMERGÊNCIA;2000-11-23 14:10:19;2001-07-04 08:25:50
1029;RESSONANCIA MAGNETICA;2000-11-23 14:10:37;
1030;DIALISE;2000-11-23 14:10:48;
1031;LITOTRIPSIA;2000-11-23 14:11:14;
1032;URODINAMICA;2000-11-23 14:11:37;
1033;VECTO-NISTAGMOGRAFIA;2000-11-23 14:11:59;
1034;UNIDADE DE TERAPIA INTENSIVA;2002-06-20 11:03:08;2002-06-20 11:04:32
1035;ANALISES CLINICAS;2000-11-23 14:18:27;
1036;ANAT PAT E CITOPATOLOGIA - NAO CADASTRAR;2000-11-23 14:18:52;2009-06-09 11:16:37
1037;AUDIOMETRIA;2000-11-23 14:19:14;2001-07-03 10:56:50
1038;BRONCOSCOPIA;2000-11-23 14:19:35;2001-07-12 14:10:02
1039;CICLOERGOMETRIA;2000-11-23 14:19:50;2001-07-03 15:11:03
1040;CIRURGIA VIDEOLAPAROSCOPICA-ABDOMINAL;2000-11-23 14:20:27;2001-07-03 15:17:31
1041;CIRURGIA DE ALTA FREQUÊNCIA (CAF/LEEP);2000-11-23 14:20:55;2001-07-03 15:12:01
1042;COLPOSCOPIA;2000-11-23 14:21:06;
1043;TAXA DE VIDEO - COLPOSCOPIA;2000-11-23 14:21:22;
1044;ECOCARDIOGRAFIA;2000-11-23 14:21:34;
1045;ELETROCARDIOGRAFIA;2000-11-23 14:21:48;
1046;TESTE ERGOMETRICO;2000-11-23 14:22:04;
1047;ECO DOPPLER;2000-11-23 14:22:18;2002-01-23 08:29:14
1048;TESTE ERGOMETRICO COMPUTADORIZADO;2000-11-23 14:22:38;2013-09-03 14:28:03
1;ADMINISTRACAO HOSPITALAR NAO CADASTRAR;1992-07-26 00:00:00;2009-06-09 11:09:03
2;ALERGIA E IMUNOLOGIA;1992-07-26 00:00:00;
3;ANESTESIOLOGIA;1992-07-26 00:00:00;
4;ANGIOLOGIA E CIR VASCULAR NAO CADASTRAR;1992-07-26 00:00:00;2009-06-09 11:09:09
5;COLO-PROCTOLOGIA;1992-07-26 00:00:00;2002-02-19 11:06:19
6;CANCEROLOGIA;2017-09-01 17:18:28;2017-09-04 19:09:37
7;CARDIOLOGIA;1992-07-26 00:00:00;
8;CIRURGIA DE CABECA E PESCOCO;1992-07-26 00:00:00;
9;CIRURGIA CARDIOVASCULAR;1992-07-26 00:00:00;
10;CIRURGIA DA MAO;2006-01-09 08:01:01;
11;CIRURGIA DO APARELHO DIGESTIVO;1992-07-26 00:00:00;
12;CIRURGIA PEDIATRICA;1992-07-26 00:00:00;
13;CIRURGIA PLASTICA;1992-07-26 00:00:00;
14;CIRURGIA GERAL;1992-07-26 00:00:00;
15;CITOPATOLOGIA;1992-07-26 00:00:00;2001-07-03 15:25:24
17;DERMATOLOGIA;1992-07-26 00:00:00;
18;ENDOCRINOLOGIA E METABOLOGIA;1992-07-26 00:00:00;
19;ENDOSCOPIA DIGESTIVA - AREA DE ATUACAO;1992-07-26 00:00:00;
20;ENDOSCOPIA PERORAL;1992-07-26 00:00:00;
21;GASTROENTEROLOGIA;1992-07-26 00:00:00;
23;GERIATRIA;2002-02-18 16:50:18;
25;HANSENOLOGIA;2002-02-18 16:50:50;2003-03-20 09:33:36
26;HEMATOLOGIA E HEMOTERAPIA;1992-07-26 00:00:00;
27;HEPATOLOGIA;2002-02-18 16:51:01;2002-02-19 11:13:03
28;HOMEOPATIA;1992-07-26 00:00:00;
515;ONCOLOGIA PEDIATRICA;2000-11-23 15:41:40;2004-10-18 10:20:39
516;ORTOPEDIA-PEDIATRICA - NAO CADASTRAR;2000-11-23 15:42:09;2009-06-09 11:10:40
1166;POSTO - ST. BUENO ( IAG);2000-11-23 15:43:17;2001-07-04 09:03:18
1167;TAXA DE ARTROSCOPIA;2000-11-23 15:43:40;
1168;POSTO - MATER CLINICA;2000-11-23 15:43:58;
1169;POSTO - CLÍNICA GÊNESIS;2000-11-23 15:44:18;2001-07-04 08:36:45
1170;UROENDOSCOPIA;2000-11-23 15:44:31;
1171;TAXA DE VIDEO - UROENDOSCOPIA;2000-11-23 15:44:50;
1173;PERFIL BIOFÍSICO;2000-11-23 15:45:18;2001-07-11 10:21:46
1174;DIRETOR TÉCNICO;2000-11-23 15:46:36;2001-07-03 15:32:20
1364;POSTO UNIDADE GASTROCLÍNICA;2014-05-26 15:46:00;
1378;ECOENDOSCOPIA;2017-05-17 11:01:55;
1380;UROLOGIA HOSP FATURAR HM;2017-06-14 12:54:04;
1230;POSTO CIDADE JARDIM;2006-08-21 16:14:17;
1231;POSTO INST ENDO VIDEO;2006-08-21 16:48:03;
1232;POSTO ARAGUAIA SHOPPING;2006-08-21 16:50:57;
533;CIR VIDEOLAPAROSCOPICA - AREA DE ATUACAO;2006-09-12 12:07:35;
534;CANCEROLOGIA PEDIATRICA (NÃO UTILIZAR);2006-12-27 15:27:43;
535;MEDICINA FETAL - AREA DE ATUACAO;2007-01-05 07:52:34;
536;HEMOD CARD INTERVENC - AREA DE ATUCAO;2007-01-10 17:20:48;2007-06-12 08:12:42
1233;CITOPATOLOGIA;2007-02-14 10:05:01;
1234;IMPEDANCIOMETRIA;2007-02-14 10:53:21;
1235;PATOLOGIA CLINICA;2007-02-15 09:07:20;
537;ECOCARDIOGRAFIA - AREA DE ATUACAO;2007-03-05 16:14:51;
538;ANGIORRAD E CIR  ENDOV AREA DE ATUACAO;2007-03-08 10:30:29;
1236;BEF;2007-03-12 15:03:18;
123;NAO UTILIZAR;2007-03-12 15:03:27;2009-06-09 11:11:50
1237;CENTERMED;2007-03-12 15:04:32;
1238;CMS;2007-03-12 15:04:49;
1347;MAT/MED EXCLUS. (PF) NÃO DIVULGAR NO DGU;2013-01-17 16:45:09;2016-06-17 10:16:46
1332;ANGIOTOMOGRAFIA CORONARIANA;2012-05-10 10:31:53;
1349;OPME PARA PF E PJ (MONITORIZAÇÃO);2013-02-21 15:38:45;
1361;CONSULTA FISIOTERAPIA;2014-01-03 09:44:33;
1329;POSTO BELA VISTA DE GOIAS;2012-02-16 14:05:34;
1330;POSTO INHUMAS;2012-02-16 14:06:03;
1333;CODIGO INATIVO, NAO DIVULGAR DGU;2012-08-23 09:36:25;
1334;ATALAIA POSTO UNIDADE AEROPORTO;2012-10-02 16:03:41;
1335;ATALAIA POSTO UNIDADE BUENO;2012-10-02 16:04:22;
1336;ATALAIA POSTO UNIDADE CDI;2012-10-02 16:04:53;
1337;ATALAIA POSTO UNIDADE COIMBRA;2012-10-02 16:05:05;
1338;ATALAIA POSTO UNIDADE JD VIENA;2012-10-02 16:18:04;
1339;ATALAIA POSTO UNIDADE MARISTA;2012-10-02 16:18:28;
1340;ATALAIA POSTO UNIDADE NOVA SUICA;2012-10-02 16:18:47;
1341;ATALAIA POSTO UNIDADE PLAZA DORO;2012-10-02 16:19:08;
1342;ATALAIA POSTO UNIDADE PRACA DO CRUZEIRO;2012-10-02 16:19:45;
1343;ATALAIA POSTO UNIDADE SUL;2012-10-02 16:20:01;
1344;ATALAIA POSTO UNIDADE T-01;2012-10-02 16:20:22;
1345;ATALAIA POSTO UNIDADE CATEDRAL;2012-10-02 16:21:01;
1346;CIRURGIA BUCO-MAXILO-FACIAL;2012-11-28 10:06:52;
1351;TOMOGRAFIA PARA PET SCAN;2013-06-03 12:38:34;
1325;TRANSPLANTE DE MEDULA OSSEA;2011-09-27 10:45:42;
1328;MAMOGRAFIA DIGITALIZADA (CR);2012-02-06 08:04:44;
1354;ENTEROSCOPIA;2013-08-14 08:41:26;
1355;POSTO UNIDADE CLINICA MONALISA;2013-09-10 17:29:18;
1327;TOMOGRAFIA DE COERENCIA OPTICA;2012-01-20 12:16:19;
1352;VACINAS;2013-06-18 14:15:04;
637;ANALI CLI / PATO CLI EXC LAB UNIMED;2013-12-30 14:03:11;2013-12-30 14:03:51
1360;PATO CLIN/ ANALI CLIN EXCLU LAB UNIMED;2013-12-30 14:05:06;
1326;MEDICINA HIPERBARICA;2012-01-13 08:32:02;
1357;ATALAIA - POSTO UNIDADE ALTO DA GLORIA;2013-10-14 14:37:59;
1358;ATALAIA - POSTO UNIDADE AEROPORTO 2;2013-10-14 14:39:18;
1359;ATALAIA - POSTO UNIDADE IMED;2013-10-14 14:40:36;
1362;FISIOTERAPIAS EXCLUSIVAS SAU II;2014-02-06 09:14:41;
545;MEDICINA DO SONO - AREA DE ATUACAO;2014-03-10 12:03:29;
1363;OXIMETRIA NAO INVASIVA;2014-04-15 15:22:45;
1331;ELETROCOCLEOGRAFIA;2012-02-23 15:52:09;
1348;TESTE ERG CONVENCIONAL - AREA DE ATUACAO;2013-01-28 16:10:25;2015-06-12 09:04:03
1350;OPME CIRUR. GERAL PRESTADOR/FORNECEDOR;2013-05-09 08:47:20;
1353;MONITORIZACAO INTRA-OPERATORIA;2013-08-02 08:40:30;
1356;POSTO UNIDADE CLINICA DA IMAGEM;2013-09-25 10:55:16;
1368;ATALAIA - POSTO UNIDADE CID. BELA VISTA;2014-07-11 10:27:46;
1369;LAB PADRÃO - POSTO UNIDADE JD AMERICA;2014-09-05 17:05:23;
1373;POSTO LABORATORIO SAU I;2015-10-23 10:29:37;
1374;PPT;2016-03-07 15:56:13;
1376;HOSPITAL DIA;2016-07-05 16:55:19;
1379;CONSULTA OBSTETRA (PAP);2017-05-29 09:38:01;
1371;KIT SERINGA BOMBA INJETORA (1 CABECA);2015-05-27 17:12:39;
1377;TILT TESTE;2016-09-01 11:26:17;
1365;ATALAIA - POSTO UNIDADE CDI 2;2014-06-16 13:04:29;
1366;ATALAIA - UNIDADE FOCUS;2014-06-16 16:54:53;
1367;ATALAIA - POSTO UNIDADE NEFROCLINICA;2014-06-16 17:25:56;
1370;KIT SERINGA BOMBA INJETORA (2 CABECA);2015-03-30 16:00:46;
1375;TESTE DE PROTESE AUDITIVA;2016-06-27 12:02:32;
1372;MAMOTOMIA;2015-09-03 09:47:08;
80;CIRURGIA ONCOLOGICA;2017-08-31 11:03:29;
1383;TERAPEUTA OCUPACIONAL;2018-02-28 08:59:48;2018-02-28 14:31:06
79;MEDICINA DE EMERGENCIA;2017-09-01 10:44:17;
546;ONCOLOGIA PEDIATRICA - AREA DE ATUAÇÃO;2017-09-04 10:28:25;
547;ESTIMULAÇÃO CARDIACA - AREA DE ATUAÇÃO;2017-09-04 10:30:59;
81;ONCOLOGIA CLINICA;2017-08-31 19:20:51;
1381;ERGOESPIROMETRIA/TESTE CARDIOPULMONAR;2017-09-01 11:43:17;
1382;PSICOLOGIA;2018-02-27 16:00:45;
548;ERGOMETRIA - AREA DE ATUAÇÃO;2019-01-07 08:49:48;
